[
  {
    "Cidade": "Jaguarão do Sul",
    "Estado": "RS",
    "Abreviatura da Instituição": "IFSul",
    "Nome da Instituição/Tipo": "Instituto Federal De Educação. Ciência E Tecnologia Sul-Rio-Grandense - Campus Jaguarão",
    "Setor": "Outros",
    "Contato": "",
    "Site": "https://www.jaguarao.ifsul.edu.br/",
    "E-mail de contato": "gabinete.reitoria@ifsul.edu.br",
    "latitude": -29.5,
    "longitude": -53.0,
    "coordenadas_status": "padrao_rs"
  },
  {
    "Cidade": "Camaquã",
    "Estado": "RS",
    "Abreviatura da Instituição": "IFSul",
    "Nome da Instituição/Tipo": "Instituto Federal De Educação. Ciência E Tecnologia Sul-Rio-Grandense - Campus Camaqua",
    "Setor": "Outros",
    "Contato": "",
    "Site": "https://intranet.ifsul.edu.br/catalogo/campus/3",
    "E-mail de contato": "gabinete.reitoria@ifsul.edu.br",
    "latitude": -30.8525,
    "longitude": -51.8076,
    "coordenadas_status": "conhecida"
  },
  {
    "Cidade": "Viamão",
    "Estado": "RS",
    "Abreviatura da Instituição": "IFRS",
    "Nome da Instituição/Tipo": "Instituto Federal De Educação. Ciência E Tecnologia Do Rio Grande Do Sul - Campus Viamão",
    "Setor": "Outros",
    "Contato": "",
    "Site": "https://ifrs.edu.br/viamao/",
    "E-mail de contato": "gabinete@ifrs.edu.br",
    "latitude": -30.0811,
    "longitude": -51.0233,
    "coordenadas_status": "conhecida"
  },
  {
    "Cidade": "São Borja",
    "Estado": "RS",
    "Abreviatura da Instituição": "UNIPAMPA",
    "Nome da Instituição/Tipo": "Fundação Universidade Federal Do Pampa Unipampa - Campus São Borja",
    "Setor": "Outros",
    "Contato": "",
    "Site": "https://unipampa.edu.br/portal/",
    "E-mail de contato": "gabinete.reitoria@unipampa.edu.br",
    "latitude": -28.6611,
    "longitude": -56.0044,
    "coordenadas_status": "conhecida"
  },
  {
    "Cidade": "Santa Vitória do Palmar",
    "Estado": "RS",
    "Abreviatura da Instituição": "FURG",
    "Nome da Instituição/Tipo": "Universidade Federal Do Rio Grande - Campus Santa Vitória do Palmar",
    "Setor": "Outros",
    "Contato": "",
    "Site": "https://campussvp.furg.br/",
    "E-mail de contato": "gabinete.reitoria@furg.br",
    "latitude": -33.5186,
    "longitude": -53.3675,
    "coordenadas_status": "conhecida"
  },
  {
    "Cidade": "Jaguarão do Sul",
    "Estado": "RS",
    "Abreviatura da Instituição": "UNIPAMPA",
    "Nome da Instituição/Tipo": "Fundação Universidade Federal Do Pampa Unipampa - Campus Jaguarão",
    "Setor": "Outros",
    "Contato": "",
    "Site": "https://unipampa.edu.br/portal/",
    "E-mail de contato": "gabinete.reitoria@unipampa.edu.br",
    "latitude": -29.5,
    "longitude": -53.0,
    "coordenadas_status": "padrao_rs"
  },
  {
    "Cidade": "Rio Grande",
    "Estado": "RS",
    "Abreviatura da Instituição": "FURG",
    "Nome da Instituição/Tipo": "Universidade Federal Do Rio Grande",
    "Setor": "Outros",
    "Contato": "",
    "Site": "https://www.furg.br/",
    "E-mail de contato": "gabinete.reitoria@furg.br",
    "latitude": -32.035,
    "longitude": -52.0986,
    "coordenadas_status": "conhecida"
  },
  {
    "Cidade": "Rio Grande",
    "Estado": "RS",
    "Abreviatura da Instituição": "IFRS",
    "Nome da Instituição/Tipo": "Instituto Federal De Educação. Ciência E Tecnologia Do Rio Grande Do Sul - Campus Rio Grande",
    "Setor": "Outros",
    "Contato": "",
    "Site": "https://ifrs.edu.br/riogrande/",
    "E-mail de contato": "gabinete@ifrs.edu.br",
    "latitude": -32.035,
    "longitude": -52.0986,
    "coordenadas_status": "conhecida"
  },
  {
    "Cidade": "Capão do Leão",
    "Estado": "RS",
    "Abreviatura da Instituição": "UFPEL",
    "Nome da Instituição/Tipo": "Universidade Federal De Pelotas - Campus Capão do Leão",
    "Setor": "Outros",
    "Contato": "",
    "Site": "https://www.ufpel.com.br/localizacao/",
    "E-mail de contato": "",
    "latitude": -31.7661,
    "longitude": -52.5013,
    "coordenadas_status": "conhecida"
  },
  {
    "Cidade": "Pelotas",
    "Estado": "RS",
    "Abreviatura da Instituição": "UFPEL",
    "Nome da Instituição/Tipo": "Universidade Federal De Pelotas",
    "Setor": "Outros",
    "Contato": "",
    "Site": "https://portal.ufpel.edu.br/",
    "E-mail de contato": "",
    "latitude": -31.7654,
    "longitude": -52.3376,
    "coordenadas_status": "conhecida"
  },
  {
    "Cidade": "Pelotas",
    "Estado": "RS",
    "Abreviatura da Instituição": "IFSul",
    "Nome da Instituição/Tipo": "Instituto Federal De Educação. Ciência E Tecnologia Sul-Rio-Grandense",
    "Setor": "Outros",
    "Contato": "",
    "Site": "http://www.ifsul.edu.br/",
    "E-mail de contato": "gabinete.reitoria@ifsul.edu.br",
    "latitude": -31.7654,
    "longitude": -52.3376,
    "coordenadas_status": "conhecida"
  },
  {
    "Cidade": "Pelotas",
    "Estado": "RS",
    "Abreviatura da Instituição": "EMBRAPA",
    "Nome da Instituição/Tipo": "Embrapa - Clima Temperado",
    "Setor": "Outros",
    "Contato": "",
    "Site": "https://www.embrapa.br/clima-temperado",
    "E-mail de contato": "",
    "latitude": -31.7654,
    "longitude": -52.3376,
    "coordenadas_status": "conhecida"
  },
  {
    "Cidade": "São Lourenço do Sul",
    "Estado": "RS",
    "Abreviatura da Instituição": "FURG",
    "Nome da Instituição/Tipo": "Universidade Federal Do Rio Grande - Campus São Lourenço do Sul",
    "Setor": "Outros",
    "Contato": "",
    "Site": "https://campussls.furg.br/inicio",
    "E-mail de contato": "gabinete.reitoria@furg.br",
    "latitude": -31.3669,
    "longitude": -51.9815,
    "coordenadas_status": "conhecida"
  },
  {
    "Cidade": "Bagé",
    "Estado": "RS",
    "Abreviatura da Instituição": "EMBRAPA",
    "Nome da Instituição/Tipo": "Embrapa Pecuária Sul",
    "Setor": "Outros",
    "Contato": "",
    "Site": "https://www.embrapa.br/pecuaria-sul",
    "E-mail de contato": "",
    "latitude": -31.3314,
    "longitude": -54.1063,
    "coordenadas_status": "conhecida"
  },
  {
    "Cidade": "Bagé",
    "Estado": "RS",
    "Abreviatura da Instituição": "IFSul",
    "Nome da Instituição/Tipo": "Instituto Federal De Educação. Ciência E Tecnologia Sul-Rio-Grandense - Campus Bagé",
    "Setor": "Outros",
    "Contato": "",
    "Site": "https://intranet.ifsul.edu.br/catalogo/campus/2",
    "E-mail de contato": "gabinete.reitoria@ifsul.edu.br",
    "latitude": -31.3314,
    "longitude": -54.1063,
    "coordenadas_status": "conhecida"
  },
  {
    "Cidade": "Bagé",
    "Estado": "RS",
    "Abreviatura da Instituição": "UNIPAMPA",
    "Nome da Instituição/Tipo": "Fundação Universidade Federal Do Pampa Unipampa",
    "Setor": "Outros",
    "Contato": "",
    "Site": "https://unipampa.edu.br/portal/",
    "E-mail de contato": "gabinete.reitoria@unipampa.edu.br",
    "latitude": -31.3314,
    "longitude": -54.1063,
    "coordenadas_status": "conhecida"
  },
  {
    "Cidade": "Bagé",
    "Estado": "RS",
    "Abreviatura da Instituição": "UERGS",
    "Nome da Instituição/Tipo": "Universidade Estadual Do Rio Grande Do Sul - Campus Bagé",
    "Setor": "Outros",
    "Contato": "",
    "Site": "https://www.uergs.edu.br/bage",
    "E-mail de contato": "reitoria@uergs.edu.br",
    "latitude": -31.3314,
    "longitude": -54.1063,
    "coordenadas_status": "conhecida"
  },
  {
    "Cidade": "Dom Pedrito",
    "Estado": "RS",
    "Abreviatura da Instituição": "UNIPAMPA",
    "Nome da Instituição/Tipo": "Fundação Universidade Federal Do Pampa - Unipampa - Campus Dom Pedrito",
    "Setor": "Outros",
    "Contato": "",
    "Site": "http://www.ifsul.edu.br/",
    "E-mail de contato": "gabinete.reitoria@unipampa.edu.br",
    "latitude": -30.9838,
    "longitude": -54.6746,
    "coordenadas_status": "conhecida"
  },
  {
    "Cidade": "Santana do Livramento",
    "Estado": "RS",
    "Abreviatura da Instituição": "IFSul",
    "Nome da Instituição/Tipo": "Instituto Federal De Educação. Ciência E Tecnologia Sul-RioGrandense -- Campus Santana do Livramento",
    "Setor": "Outros",
    "Contato": "",
    "Site": "https://www.santana.ifsul.edu.br/",
    "E-mail de contato": "gabinete.reitoria@ifsul.edu.br",
    "latitude": -30.8906,
    "longitude": -55.5322,
    "coordenadas_status": "conhecida"
  },
  {
    "Cidade": "Santana do Livramento",
    "Estado": "RS",
    "Abreviatura da Instituição": "UERGS",
    "Nome da Instituição/Tipo": "Universidade Estadual Do Rio Grande Do Sul - Campus Santana do Livramento",
    "Setor": "Outros",
    "Contato": "",
    "Site": "https://www.uergs.edu.br/santana-do-livramento",
    "E-mail de contato": "reitoria@uergs.edu.br",
    "latitude": -30.8906,
    "longitude": -55.5322,
    "coordenadas_status": "conhecida"
  },
  {
    "Cidade": "Santana do Livramento",
    "Estado": "RS",
    "Abreviatura da Instituição": "UNIPAMPA",
    "Nome da Instituição/Tipo": "Fundação Universidade Federal Do Pampa - Unipampa - Campus Santana do Livramento",
    "Setor": "Outros",
    "Contato": "",
    "Site": "https://unipampa.edu.br/livramento/",
    "E-mail de contato": "gabinete.reitoria@unipampa.edu.br",
    "latitude": -30.8906,
    "longitude": -55.5322,
    "coordenadas_status": "conhecida"
  },
  {
    "Cidade": "Tapes",
    "Estado": "RS",
    "Abreviatura da Instituição": "UERGS",
    "Nome da Instituição/Tipo": "Universidade Estadual Do Rio Grande Do Sul - Campus Tapes",
    "Setor": "Outros",
    "Contato": "",
    "Site": "https://www.uergs.edu.br/tapes",
    "E-mail de contato": "reitoria@uergs.edu.br",
    "latitude": -30.6748,
    "longitude": -51.3986,
    "coordenadas_status": "conhecida"
  },
  {
    "Cidade": "Caçapava do Sul",
    "Estado": "RS",
    "Abreviatura da Instituição": "UNIPAMPA",
    "Nome da Instituição/Tipo": "Fundação Universidade Federal Do Pampa - Unipampa - Campus Caçapava do Sul",
    "Setor": "Outros",
    "Contato": "",
    "Site": "https://unipampa.edu.br/cacapava/",
    "E-mail de contato": "gabinete.reitoria@unipampa.edu.br",
    "latitude": -30.5113,
    "longitude": -53.4917,
    "coordenadas_status": "conhecida"
  },
  {
    "Cidade": "São Gabriel",
    "Estado": "RS",
    "Abreviatura da Instituição": "UNIPAMPA",
    "Nome da Instituição/Tipo": "Fundação Universidade Federal Do Pampa Unipampa - Campus São Gabriel",
    "Setor": "Outros",
    "Contato": "",
    "Site": "https://unipampa.edu.br/saogabriel/",
    "E-mail de contato": "gabinete.reitoria@unipampa.edu.br",
    "latitude": -30.3378,
    "longitude": -54.3194,
    "coordenadas_status": "conhecida"
  },
  {
    "Cidade": "Porto Alegre",
    "Estado": "RS",
    "Abreviatura da Instituição": "IFRS",
    "Nome da Instituição/Tipo": "Instituto Federal De Educação. Ciência E Tecnologia Do Rio Grande Do Sul - Campus Restinga (Porto Alegre)",
    "Setor": "Outros",
    "Contato": "",
    "Site": "https://ifrs.edu.br/restinga/",
    "E-mail de contato": "gabinete@ifrs.edu.br",
    "latitude": -30.0346,
    "longitude": -51.2177,
    "coordenadas_status": "conhecida"
  },
  {
    "Cidade": "Guaíba",
    "Estado": "RS",
    "Abreviatura da Instituição": "ULBRA",
    "Nome da Instituição/Tipo": "Universidade Luterana Do Brasil - Campus Gualba",
    "Setor": "Outros",
    "Contato": "",
    "Site": "https://www.ulbra.br/guaiba",
    "E-mail de contato": "",
    "latitude": -30.1131,
    "longitude": -51.3294,
    "coordenadas_status": "conhecida"
  },
  {
    "Cidade": "Guaíba",
    "Estado": "RS",
    "Abreviatura da Instituição": "UERGS",
    "Nome da Instituição/Tipo": "Universidade Estadual Do Rio Grande Do Sul - Campus Guaiba",
    "Setor": "Outros",
    "Contato": "",
    "Site": "https://www.uergs.edu.br/guaiba",
    "E-mail de contato": "reitoria@uergs.edu.br",
    "latitude": -30.1131,
    "longitude": -51.3294,
    "coordenadas_status": "conhecida"
  },
  {
    "Cidade": "Viamão",
    "Estado": "RS",
    "Abreviatura da Instituição": "IC-FUC",
    "Nome da Instituição/Tipo": "Instituto de Cardiologia - Fundação Universitária de Cardiologia",
    "Setor": "Outros",
    "Contato": "",
    "Site": "https://cardiologia.org.br/",
    "E-mail de contato": "",
    "latitude": -30.0811,
    "longitude": -51.0233,
    "coordenadas_status": "conhecida"
  },
  {
    "Cidade": "Eldorado do Sul",
    "Estado": "RS",
    "Abreviatura da Instituição": "Instituto Eldorado",
    "Nome da Instituição/Tipo": "Instituto de Pesquisas Eldorado",
    "Setor": "Outros",
    "Contato": "",
    "Site": "https://www.eldorado.org.br/",
    "E-mail de contato": "",
    "latitude": -29.9976,
    "longitude": -51.3064,
    "coordenadas_status": "conhecida"
  },
  {
    "Cidade": "Porto Alegre",
    "Estado": "RS",
    "Abreviatura da Instituição": "PUCRS",
    "Nome da Instituição/Tipo": "Pontificia Universidade Católica Do Rio Grande Do Sul",
    "Setor": "Outros",
    "Contato": "",
    "Site": "https://portal.pucrs.br/",
    "E-mail de contato": "tecnopuc@pucrs.br",
    "latitude": -30.0346,
    "longitude": -51.2177,
    "coordenadas_status": "conhecida"
  },
  {
    "Cidade": "Porto Alegre",
    "Estado": "RS",
    "Abreviatura da Instituição": "Besouro",
    "Nome da Instituição/Tipo": "Instituto Besouro de Fomento Social e Pesquisa",
    "Setor": "Outros",
    "Contato": "",
    "Site": "https://institutobesouro.com.br/",
    "E-mail de contato": "",
    "latitude": -30.0346,
    "longitude": -51.2177,
    "coordenadas_status": "conhecida"
  },
  {
    "Cidade": "Cachoeira do Sul",
    "Estado": "RS",
    "Abreviatura da Instituição": "UERGS",
    "Nome da Instituição/Tipo": "Universidade Estadual Do Rio Grande Do Sul - Campus Cachoeira do Sul",
    "Setor": "Outros",
    "Contato": "",
    "Site": "https://www.uergs.edu.br/cachoeira-do-sul",
    "E-mail de contato": "reitoria@uergs.edu.br",
    "latitude": -30.0482,
    "longitude": -52.8902,
    "coordenadas_status": "conhecida"
  },
  {
    "Cidade": "Cachoeira do Sul",
    "Estado": "RS",
    "Abreviatura da Instituição": "ULBRA",
    "Nome da Instituição/Tipo": "Universidade Luterana Do Brasil - Campus Cachoeira do Sul",
    "Setor": "Outros",
    "Contato": "",
    "Site": "https://www.ulbra.br/cachoeira-do-sul",
    "E-mail de contato": "",
    "latitude": -30.0482,
    "longitude": -52.8902,
    "coordenadas_status": "conhecida"
  },
  {
    "Cidade": "Porto Alegre",
    "Estado": "RS",
    "Abreviatura da Instituição": "UFRGS",
    "Nome da Instituição/Tipo": "Universidade Federal Do Rio Grande Do Sul",
    "Setor": "Outros",
    "Contato": "",
    "Site": "https://www.ufrgs.br/",
    "E-mail de contato": "gabinete@ufrgs.br",
    "latitude": -30.0346,
    "longitude": -51.2177,
    "coordenadas_status": "conhecida"
  },
  {
    "Cidade": "Porto Alegre",
    "Estado": "RS",
    "Abreviatura da Instituição": "UFCSPA",
    "Nome da Instituição/Tipo": "Fundação Universidade Federal De Ciências Da Saúde De Porto Alegre",
    "Setor": "Outros",
    "Contato": "",
    "Site": "https://ufcspa.edu.br/estude-na-ufcspa/graduacao",
    "E-mail de contato": "",
    "latitude": -30.0346,
    "longitude": -51.2177,
    "coordenadas_status": "conhecida"
  },
  {
    "Cidade": "Porto Alegre",
    "Estado": "RS",
    "Abreviatura da Instituição": "UERGS",
    "Nome da Instituição/Tipo": "Universidade Estadual Do Rio Grande Do Sul",
    "Setor": "Outros",
    "Contato": "",
    "Site": "https://www.uergs.edu.br/",
    "E-mail de contato": "reitoria@uergs.edu.br",
    "latitude": -30.0346,
    "longitude": -51.2177,
    "coordenadas_status": "conhecida"
  },
  {
    "Cidade": "Porto Alegre",
    "Estado": "RS",
    "Abreviatura da Instituição": "UNISINOS",
    "Nome da Instituição/Tipo": "Universidade Do Vale Do Rio Dos Sinos - Campus Porto Alegre",
    "Setor": "Outros",
    "Contato": "",
    "Site": "https://www.unisinos.br/institucional/onde-estamos/porto-alegre",
    "E-mail de contato": "",
    "latitude": -30.0346,
    "longitude": -51.2177,
    "coordenadas_status": "conhecida"
  },
  {
    "Cidade": "Porto Alegre",
    "Estado": "RS",
    "Abreviatura da Instituição": "IFRS",
    "Nome da Instituição/Tipo": "Instituto Federal De Educação. Ciência E Tecnologia Do Rio Grande Do Sul - Campus Porto Alegre",
    "Setor": "Outros",
    "Contato": "",
    "Site": "https://poa.ifrs.edu.br/",
    "E-mail de contato": "gabinete@ifrs.edu.br",
    "latitude": -30.0346,
    "longitude": -51.2177,
    "coordenadas_status": "conhecida"
  },
  {
    "Cidade": "Porto Alegre",
    "Estado": "RS",
    "Abreviatura da Instituição": "SOFTSUL",
    "Nome da Instituição/Tipo": "Assoc. Sulriograndense De Apoio Ao Des. De Software",
    "Setor": "Outros",
    "Contato": "",
    "Site": "https://www.softsul.org.br/",
    "E-mail de contato": "",
    "latitude": -30.0346,
    "longitude": -51.2177,
    "coordenadas_status": "conhecida"
  },
  {
    "Cidade": "Santa Maria",
    "Estado": "RS",
    "Abreviatura da Instituição": "UFSM",
    "Nome da Instituição/Tipo": "Universidade Federal De Santa Maria - Campus Cachoeira do Sul",
    "Setor": "Outros",
    "Contato": "",
    "Site": "https://www.ufsm.br/unidades-universitarias/cachoeira-do-sul/",
    "E-mail de contato": "gabinete@ufsm.br",
    "latitude": -29.6842,
    "longitude": -53.8069,
    "coordenadas_status": "conhecida"
  },
  {
    "Cidade": "Campus Alvorada",
    "Estado": "RS",
    "Abreviatura da Instituição": "IFRS",
    "Nome da Instituição/Tipo": "Instituto Federal De Educação. Ciência E Tecnologia Do Rio Grande Do Sul - Campus Alvorada",
    "Setor": "Outros",
    "Contato": "",
    "Site": "https://ifrs.edu.br/alvorada/",
    "E-mail de contato": "gabinete@ifrs.edu.br",
    "latitude": -29.5,
    "longitude": -53.0,
    "coordenadas_status": "padrao_rs"
  },
  {
    "Cidade": "Porto Alegre",
    "Estado": "RS",
    "Abreviatura da Instituição": "ISI",
    "Nome da Instituição/Tipo": "Instituto SENAI de Tecnologia em Alimentos e Bebidas",
    "Setor": "Outros",
    "Contato": "",
    "Site": "https://www.senairs.org.br/unidades/instituto-senai-de-tecnologia-em-alimentos-e-bebidas",
    "E-mail de contato": "",
    "latitude": -30.0346,
    "longitude": -51.2177,
    "coordenadas_status": "conhecida"
  },
  {
    "Cidade": "Porto Alegre",
    "Estado": "RS",
    "Abreviatura da Instituição": "IRGA",
    "Nome da Instituição/Tipo": "Instituto Rio Grandense Do Arroz",
    "Setor": "Outros",
    "Contato": "",
    "Site": "https://irga.rs.gov.br/",
    "E-mail de contato": "",
    "latitude": -30.0346,
    "longitude": -51.2177,
    "coordenadas_status": "conhecida"
  },
  {
    "Cidade": "Tramandaí",
    "Estado": "RS",
    "Abreviatura da Instituição": "UFRGS",
    "Nome da Instituição/Tipo": "Universidade Federal Do Rio Grande Do Sul - Campus Litoral Norte",
    "Setor": "Outros",
    "Contato": "",
    "Site": "https://www.ufrgs.br/litoral/",
    "E-mail de contato": "gabinete@ufrgs.br",
    "latitude": -29.5,
    "longitude": -53.0,
    "coordenadas_status": "padrao_rs"
  },
  {
    "Cidade": "Porto Alegre",
    "Estado": "RS",
    "Abreviatura da Instituição": "FATEC SENAI",
    "Nome da Instituição/Tipo": "Faculdade De Tecnologia Senai Porto Alegre",
    "Setor": "Outros",
    "Contato": "",
    "Site": "https://www.senairs.org.br/unidades/faculdade-senai",
    "E-mail de contato": "",
    "latitude": -30.0346,
    "longitude": -51.2177,
    "coordenadas_status": "conhecida"
  },
  {
    "Cidade": "Porto Alegre",
    "Estado": "RS",
    "Abreviatura da Instituição": "IEL-RS",
    "Nome da Instituição/Tipo": "Núcleo Regional do Instituto Euvaldo Lodi - IEL-RS",
    "Setor": "Outros",
    "Contato": "",
    "Site": "https://www.ielrs.org.br/home",
    "E-mail de contato": "",
    "latitude": -30.0346,
    "longitude": -51.2177,
    "coordenadas_status": "conhecida"
  },
  {
    "Cidade": "Vacaria",
    "Estado": "RS",
    "Abreviatura da Instituição": "UERGS",
    "Nome da Instituição/Tipo": "Universidade Estadual Do Rio Grande Do Sul - Campus Vacaria",
    "Setor": "Outros",
    "Contato": "",
    "Site": "https://www.uergs.edu.br/vacaria",
    "E-mail de contato": "reitoria@uergs.edu.br",
    "latitude": -28.5103,
    "longitude": -50.9356,
    "coordenadas_status": "conhecida"
  },
  {
    "Cidade": "Vacaria",
    "Estado": "RS",
    "Abreviatura da Instituição": "IFRS",
    "Nome da Instituição/Tipo": "Instituto Federal de Educação. Ciència e Tecnologia Do Rio Grande Do Sul - Campus Vacaria",
    "Setor": "Outros",
    "Contato": "",
    "Site": "https://ifrs.edu.br/vacaria/",
    "E-mail de contato": "gabinete@ifrs.edu.br",
    "latitude": -28.5103,
    "longitude": -50.9356,
    "coordenadas_status": "conhecida"
  },
  {
    "Cidade": "São Luiz Gonzaga",
    "Estado": "RS",
    "Abreviatura da Instituição": "URI",
    "Nome da Instituição/Tipo": "Universidade Regional Integrada Do Alto Uruguai E Das Missões - Campus São Luiz Gonzaga",
    "Setor": "Outros",
    "Contato": "",
    "Site": "https://www.urisaoluiz.com.br/",
    "E-mail de contato": "parque.uri@uricampus.br",
    "latitude": -28.4075,
    "longitude": -54.9609,
    "coordenadas_status": "conhecida"
  },
  {
    "Cidade": "São Luiz Gonzaga",
    "Estado": "RS",
    "Abreviatura da Instituição": "UERGS",
    "Nome da Instituição/Tipo": "Universidade Estadual Do Rio Grande Do Sul - Campus São Luiz Gonzaga",
    "Setor": "Outros",
    "Contato": "",
    "Site": "https://www.uergs.edu.br/sao-luiz-gonzaga",
    "E-mail de contato": "reitoria@uergs.edu.br",
    "latitude": -28.4075,
    "longitude": -54.9609,
    "coordenadas_status": "conhecida"
  },
  {
    "Cidade": "Ijuí",
    "Estado": "RS",
    "Abreviatura da Instituição": "UNJUI",
    "Nome da Instituição/Tipo": "Universidade Regional Do Noroeste Do Estado Do Rio Grande Do Sul",
    "Setor": "Outros",
    "Contato": "",
    "Site": "https://www.unijui.edu.br/",
    "E-mail de contato": "",
    "latitude": -28.3879,
    "longitude": -53.9202,
    "coordenadas_status": "conhecida"
  },
  {
    "Cidade": "Panambi",
    "Estado": "RS",
    "Abreviatura da Instituição": "UNUUI",
    "Nome da Instituição/Tipo": "Universidade Regional Do Noroeste Do Estado Do Rio Grande Do Sul - Campus Panambi",
    "Setor": "Outros",
    "Contato": "",
    "Site": "https://www.unijui.edu.br/",
    "E-mail de contato": "",
    "latitude": -28.2925,
    "longitude": -53.5019,
    "coordenadas_status": "conhecida"
  },
  {
    "Cidade": "Carazinho",
    "Estado": "RS",
    "Abreviatura da Instituição": "ULBRA",
    "Nome da Instituição/Tipo": "Universidade Luterana Do Brasil - Campus Carazinho",
    "Setor": "Outros",
    "Contato": "",
    "Site": "https://www.ulbra.br/carazinho",
    "E-mail de contato": "",
    "latitude": -28.2982,
    "longitude": -52.7942,
    "coordenadas_status": "conhecida"
  },
  {
    "Cidade": "Panambi",
    "Estado": "RS",
    "Abreviatura da Instituição": "IFFar",
    "Nome da Instituição/Tipo": "Instituto Federal de Educação. Ciência e Tecnologia Farroupilha - Campus Panambi",
    "Setor": "Outros",
    "Contato": "",
    "Site": "https://www.iffarroupilha.edu.br/panambi",
    "E-mail de contato": "",
    "latitude": -28.2925,
    "longitude": -53.5019,
    "coordenadas_status": "conhecida"
  },
  {
    "Cidade": "Carazinho",
    "Estado": "RS",
    "Abreviatura da Instituição": "UPF",
    "Nome da Instituição/Tipo": "Universidade De Passo Fundo - Campus Carazinho",
    "Setor": "Outros",
    "Contato": "",
    "Site": "https://www.upf.br/carazinho",
    "E-mail de contato": "",
    "latitude": -28.2982,
    "longitude": -52.7942,
    "coordenadas_status": "conhecida"
  },
  {
    "Cidade": "Santo Angelo",
    "Estado": "RS",
    "Abreviatura da Instituição": "URI",
    "Nome da Instituição/Tipo": "Universidade Regional Integrada Do Alto Uruguai E Das Missões - Campus Santo Angelo",
    "Setor": "Outros",
    "Contato": "",
    "Site": "https://san.uri.br/",
    "E-mail de contato": "parque.uri@uricampus.br",
    "latitude": -29.5,
    "longitude": -53.0,
    "coordenadas_status": "padrao_rs"
  },
  {
    "Cidade": "Santo Angelo",
    "Estado": "RS",
    "Abreviatura da Instituição": "IFFar",
    "Nome da Instituição/Tipo": "Instituto Federal de Educação. Ciência e Tecnologia Farroupilha - Campus Santo Angelo",
    "Setor": "Outros",
    "Contato": "",
    "Site": "https://www.iffar.edu.br/santoangelo",
    "E-mail de contato": "",
    "latitude": -29.5,
    "longitude": -53.0,
    "coordenadas_status": "padrao_rs"
  },
  {
    "Cidade": "Passo Fundo",
    "Estado": "RS",
    "Abreviatura da Instituição": "UFFS",
    "Nome da Instituição/Tipo": "Universidade Federal da Fronteira Sul - Campus Passo Fundo",
    "Setor": "Outros",
    "Contato": "",
    "Site": "https://www.uffs.edu.br/uffs/nossos-campi/campus-passo-fundo",
    "E-mail de contato": "",
    "latitude": -28.2636,
    "longitude": -52.4069,
    "coordenadas_status": "conhecida"
  },
  {
    "Cidade": "Passo Fundo",
    "Estado": "RS",
    "Abreviatura da Instituição": "IFSul",
    "Nome da Instituição/Tipo": "Instituto Federal De Educação. Ciência E Tecnologia Sul-Rio-Grandense - Campus Passo Fundo",
    "Setor": "Outros",
    "Contato": "",
    "Site": "https://passofundo.ifsul.edu.br/",
    "E-mail de contato": "gabinete.reitoria@ifsul.edu.br",
    "latitude": -28.2636,
    "longitude": -52.4069,
    "coordenadas_status": "conhecida"
  },
  {
    "Cidade": "Passo Fundo",
    "Estado": "RS",
    "Abreviatura da Instituição": "UPF",
    "Nome da Instituição/Tipo": "Universidade De Passo Fundo",
    "Setor": "Outros",
    "Contato": "",
    "Site": "https://www.upf.br/",
    "E-mail de contato": "",
    "latitude": -28.2636,
    "longitude": -52.4069,
    "coordenadas_status": "conhecida"
  },
  {
    "Cidade": "Passo Fundo",
    "Estado": "RS",
    "Abreviatura da Instituição": "EMBRAPA",
    "Nome da Instituição/Tipo": "Nome não disponível",
    "Setor": "Outros",
    "Contato": "",
    "Site": "https://www.embrapa.br/trigo",
    "E-mail de contato": "",
    "latitude": -28.2636,
    "longitude": -52.4069,
    "coordenadas_status": "conhecida"
  },
  {
    "Cidade": "Lagoa Vermelha",
    "Estado": "RS",
    "Abreviatura da Instituição": "UPF",
    "Nome da Instituição/Tipo": "Universidade De Passo Fundo - Campus Lagoa Vermelha",
    "Setor": "Outros",
    "Contato": "",
    "Site": "https://www.upf.br/lagoa-vermelha",
    "E-mail de contato": "",
    "latitude": -28.2087,
    "longitude": -51.5275,
    "coordenadas_status": "conhecida"
  },
  {
    "Cidade": "Cerro Largo",
    "Estado": "RS",
    "Abreviatura da Instituição": "UFFS",
    "Nome da Instituição/Tipo": "Universidade Federal da Fronteira Sul - Campus Cerro Largo",
    "Setor": "Outros",
    "Contato": "",
    "Site": "https://www.uffs.edu.br/uffs/nossos-campi/campus-cerro-largo",
    "E-mail de contato": "",
    "latitude": -28.1475,
    "longitude": -54.7384,
    "coordenadas_status": "conhecida"
  },
  {
    "Cidade": "Cerro Largo",
    "Estado": "RS",
    "Abreviatura da Instituição": "URI",
    "Nome da Instituição/Tipo": "Universidade Regional Integrada Do Alto Uruguai E Das Missões - Campus Cerro Largo",
    "Setor": "Outros",
    "Contato": "",
    "Site": "http://www.uri.br/",
    "E-mail de contato": "parque.uri@uricampus.br",
    "latitude": -28.1475,
    "longitude": -54.7384,
    "coordenadas_status": "conhecida"
  },
  {
    "Cidade": "Sertão",
    "Estado": "RS",
    "Abreviatura da Instituição": "IFRS",
    "Nome da Instituição/Tipo": "Instituto Federal De Educação. Ciência E Tecnologia Do Rio Grande Do Sul - Campus Sertão",
    "Setor": "Outros",
    "Contato": "",
    "Site": "https://ifrs.edu.br/sertao/",
    "E-mail de contato": "gabinete@ifrs.edu.br",
    "latitude": -27.9854,
    "longitude": -52.2576,
    "coordenadas_status": "conhecida"
  },
  {
    "Cidade": "Sananduva",
    "Estado": "RS",
    "Abreviatura da Instituição": "UERGS",
    "Nome da Instituição/Tipo": "Universidade Estadual Do Rio Grande Do Sul - Campus Sananduva",
    "Setor": "Outros",
    "Contato": "",
    "Site": "https://www.uergs.edu.br/sananduva",
    "E-mail de contato": "reitoria@uergs.edu.br",
    "latitude": -27.9499,
    "longitude": -51.8074,
    "coordenadas_status": "conhecida"
  },
  {
    "Cidade": "Sarandi",
    "Estado": "RS",
    "Abreviatura da Instituição": "UPF",
    "Nome da Instituição/Tipo": "Universidade De Passo Fundo - Campus Sarandi",
    "Setor": "Outros",
    "Contato": "",
    "Site": "https://www.upf.br/sarandi",
    "E-mail de contato": "",
    "latitude": -27.9311,
    "longitude": -52.8631,
    "coordenadas_status": "conhecida"
  },
  {
    "Cidade": "Palmeira das Missões",
    "Estado": "RS",
    "Abreviatura da Instituição": "UFSM",
    "Nome da Instituição/Tipo": "Universidade Federal De Santa Maria - Campus Palmeira das Missões",
    "Setor": "Outros",
    "Contato": "",
    "Site": "https://www.ufsm.br/unidades-universitarias/palmeira-das-missoes/",
    "E-mail de contato": "gabinete@ufsm.br",
    "latitude": -27.9011,
    "longitude": -53.3136,
    "coordenadas_status": "conhecida"
  },
  {
    "Cidade": "Santa Rosa",
    "Estado": "RS",
    "Abreviatura da Instituição": "UNUUI",
    "Nome da Instituição/Tipo": "Universidade Regional Do Noroeste Do Estado Do Rio Grande Do Sul - Campus Santa Rosa",
    "Setor": "Outros",
    "Contato": "",
    "Site": "https://www.unijui.edu.br/contato/campus-santa-rosa",
    "E-mail de contato": "",
    "latitude": -27.8644,
    "longitude": -54.4779,
    "coordenadas_status": "conhecida"
  },
  {
    "Cidade": "Santo Augusto",
    "Estado": "RS",
    "Abreviatura da Instituição": "IFFar",
    "Nome da Instituição/Tipo": "Instituto Federal de Educação. Ciência e Tecnologia Farroupilha - Campus Santo Augusto",
    "Setor": "Embrapa - Trigo",
    "Contato": "",
    "Site": "https://www.iffarroupilha.edu.br/santo-augusto",
    "E-mail de contato": "",
    "latitude": -27.8526,
    "longitude": -53.7776,
    "coordenadas_status": "conhecida"
  },
  {
    "Cidade": "Santa Rosa",
    "Estado": "RS",
    "Abreviatura da Instituição": "IFFar",
    "Nome da Instituição/Tipo": "Instituto Federal de Educação. Ciência e Tecnologia Farroupilha - Campus Santa Rosa",
    "Setor": "Outros",
    "Contato": "",
    "Site": "https://www.iffarroupilha.edu.br/santa-rosa",
    "E-mail de contato": "",
    "latitude": -27.8644,
    "longitude": -54.4779,
    "coordenadas_status": "conhecida"
  },
  {
    "Cidade": "Três de Maio",
    "Estado": "RS",
    "Abreviatura da Instituição": "SETREM",
    "Nome da Instituição/Tipo": "Sociedade Educacional Três de Maio",
    "Setor": "Outros",
    "Contato": "",
    "Site": "https://setrem.edu.br/",
    "E-mail de contato": "",
    "latitude": -27.7799,
    "longitude": -54.2357,
    "coordenadas_status": "conhecida"
  },
  {
    "Cidade": "Erechim",
    "Estado": "RS",
    "Abreviatura da Instituição": "UFFS",
    "Nome da Instituição/Tipo": "Universidade Federal da Fronteira Sul - Campus Erechim",
    "Setor": "Outros",
    "Contato": "",
    "Site": "https://www.uffs.edu.br/uffs/nossos-campi/campus-erechim",
    "E-mail de contato": "",
    "latitude": -27.6351,
    "longitude": -52.2739,
    "coordenadas_status": "conhecida"
  },
  {
    "Cidade": "Horizontina",
    "Estado": "RS",
    "Abreviatura da Instituição": "FAHOR",
    "Nome da Instituição/Tipo": "Faculdade Horizontina",
    "Setor": "Outros",
    "Contato": "",
    "Site": "https://fahor.com.br/",
    "E-mail de contato": "",
    "latitude": -27.6279,
    "longitude": -54.309,
    "coordenadas_status": "conhecida"
  },
  {
    "Cidade": "Erechim",
    "Estado": "RS",
    "Abreviatura da Instituição": "UERGS",
    "Nome da Instituição/Tipo": "Universidade Estadual Do Rio Grande Do Sul - Campus Erechim",
    "Setor": "Outros",
    "Contato": "",
    "Site": "https://www.uergs.edu.br/erechim",
    "E-mail de contato": "reitoria@uergs.edu.br",
    "latitude": -27.6351,
    "longitude": -52.2739,
    "coordenadas_status": "conhecida"
  },
  {
    "Cidade": "Erechim",
    "Estado": "RS",
    "Abreviatura da Instituição": "URI",
    "Nome da Instituição/Tipo": "Universidade Regional Integrada Do Alto Uruguai E Das Missões",
    "Setor": "Outros",
    "Contato": "",
    "Site": "http://www.uri.br/",
    "E-mail de contato": "parque.uri@uricampus.br",
    "latitude": -27.6351,
    "longitude": -52.2739,
    "coordenadas_status": "conhecida"
  },
  {
    "Cidade": "Erechim",
    "Estado": "RS",
    "Abreviatura da Instituição": "IFRS",
    "Nome da Instituição/Tipo": "Instituto Federal De Educação. Ciência E Tecnologia Do Rio Grande Do Sul - Campus Erechim",
    "Setor": "Outros",
    "Contato": "",
    "Site": "https://ifrs.edu.br/erechim/",
    "E-mail de contato": "gabinete@ifrs.edu.br",
    "latitude": -27.6351,
    "longitude": -52.2739,
    "coordenadas_status": "conhecida"
  },
  {
    "Cidade": "Três Passos",
    "Estado": "RS",
    "Abreviatura da Instituição": "UERGS",
    "Nome da Instituição/Tipo": "Universidade Estadual Do Rio Grande Do Sul - Campus Três Passos",
    "Setor": "Outros",
    "Contato": "",
    "Site": "https://www.uergs.edu.br/tres-passos",
    "E-mail de contato": "reitoria@uergs.edu.br",
    "latitude": -27.4542,
    "longitude": -53.9306,
    "coordenadas_status": "conhecida"
  },
  {
    "Cidade": "Três Passos",
    "Estado": "RS",
    "Abreviatura da Instituição": "UNUUI",
    "Nome da Instituição/Tipo": "Universidade Regional Do Noroeste Do Estado Do Rio Grande Do Sul - Campus Três Passos",
    "Setor": "Outros",
    "Contato": "",
    "Site": "https://www.unijui.edu.br/",
    "E-mail de contato": "",
    "latitude": -27.4542,
    "longitude": -53.9306,
    "coordenadas_status": "conhecida"
  },
  {
    "Cidade": "Frederico Westphalen",
    "Estado": "RS",
    "Abreviatura da Instituição": "UFSM",
    "Nome da Instituição/Tipo": "Universidade Federal De Santa Maria - Campus Frederico Westphalen",
    "Setor": "Outros",
    "Contato": "",
    "Site": "https://www.ufsm.br/unidades-universitarias/frederico-westphalen",
    "E-mail de contato": "gabinete@ufsm.br",
    "latitude": -27.3571,
    "longitude": -53.3964,
    "coordenadas_status": "conhecida"
  },
  {
    "Cidade": "São Sebastião do Caí",
    "Estado": "RS",
    "Abreviatura da Instituição": "UCS",
    "Nome da Instituição/Tipo": "Universidade De Caxias Do Sul - Campus Vale do Cal",
    "Setor": "Outros",
    "Contato": "",
    "Site": "https://www.ucs.br/site/vestibular/campus-universitario-vale-do-cai/",
    "E-mail de contato": "ucs@ucs.br",
    "latitude": -29.5912,
    "longitude": -51.3779,
    "coordenadas_status": "conhecida"
  },
  {
    "Cidade": "Jaguari",
    "Estado": "RS",
    "Abreviatura da Instituição": "IFFar",
    "Nome da Instituição/Tipo": "Instituto Federal de Educação. Ciência e Tecnologia Farroupilha - Campus Jaguari",
    "Setor": "Outros",
    "Contato": "",
    "Site": "https://www.iffarroupilha.edu.br/jaguari",
    "E-mail de contato": "",
    "latitude": -29.498,
    "longitude": -54.6919,
    "coordenadas_status": "conhecida"
  },
  {
    "Cidade": "Feliz",
    "Estado": "RS",
    "Abreviatura da Instituição": "IFRS",
    "Nome da Instituição/Tipo": "Instituto Federal De Educação. Ciência E Tecnologia Do Rio Grande Do Sul - Campus Feliz",
    "Setor": "Outros",
    "Contato": "",
    "Site": "https://ifrs.edu.br/feliz/",
    "E-mail de contato": "gabinete@ifrs.edu.br",
    "latitude": -29.4523,
    "longitude": -51.307,
    "coordenadas_status": "conhecida"
  },
  {
    "Cidade": "Gramado",
    "Estado": "RS",
    "Abreviatura da Instituição": "UERGS",
    "Nome da Instituição/Tipo": "Universidade Estadual Do Rio Grande Do Sul - Campus Hortensias",
    "Setor": "Outros",
    "Contato": "",
    "Site": "https://www.uergs.edu.br/hortensias",
    "E-mail de contato": "reitoria@uergs.edu.br",
    "latitude": -29.3793,
    "longitude": -50.8737,
    "coordenadas_status": "conhecida"
  },
  {
    "Cidade": "Lajeado",
    "Estado": "RS",
    "Abreviatura da Instituição": "UNIVATES",
    "Nome da Instituição/Tipo": "Universidade Do Vale Do Taquari",
    "Setor": "Outros",
    "Contato": "",
    "Site": "https://www.univates.br/",
    "E-mail de contato": "parque@univates.br",
    "latitude": -29.4672,
    "longitude": -51.9624,
    "coordenadas_status": "conhecida"
  },
  {
    "Cidade": "Lajeado",
    "Estado": "RS",
    "Abreviatura da Instituição": "IFSul",
    "Nome da Instituição/Tipo": "Instituto Federal De Educação. Ciência E Tecnologia Sul-RioGrandense -- Campus Lajeado",
    "Setor": "Outros",
    "Contato": "",
    "Site": "https://www.lajeado.ifsul.edu.br/",
    "E-mail de contato": "gabinete.reitoria@ifsul.edu.br",
    "latitude": -29.4672,
    "longitude": -51.9624,
    "coordenadas_status": "conhecida"
  },
  {
    "Cidade": "Sobradinho",
    "Estado": "RS",
    "Abreviatura da Instituição": "UNISC",
    "Nome da Instituição/Tipo": "Universidade De Santa Cruz Do Sul - Campus Sobradinho",
    "Setor": "Outros",
    "Contato": "",
    "Site": "https://www.unisc.br/pt/onde-estamos/sobradinho",
    "E-mail de contato": "unisc@unisc.br",
    "latitude": -29.4167,
    "longitude": -53.0167,
    "coordenadas_status": "conhecida"
  },
  {
    "Cidade": "Gramado",
    "Estado": "RS",
    "Abreviatura da Instituição": "UCS",
    "Nome da Instituição/Tipo": "Universidade De Caxias Do Sul - Campus Hortensias",
    "Setor": "Outros",
    "Contato": "",
    "Site": "https://www.ucs.br/site/vestibular/campus-universitario-da-regiao-das-hortensias/",
    "E-mail de contato": "ucs@ucs.br",
    "latitude": -29.3793,
    "longitude": -50.8737,
    "coordenadas_status": "conhecida"
  },
  {
    "Cidade": "Torres",
    "Estado": "RS",
    "Abreviatura da Instituição": "ULBRA",
    "Nome da Instituição/Tipo": "Universidade Luterana Do Brasil - Campus Torres",
    "Setor": "Outros",
    "Contato": "",
    "Site": "https://www.ulbra.br/torres",
    "E-mail de contato": "",
    "latitude": -29.3374,
    "longitude": -49.73,
    "coordenadas_status": "conhecida"
  },
  {
    "Cidade": "Encantado",
    "Estado": "RS",
    "Abreviatura da Instituição": "UERGS",
    "Nome da Instituição/Tipo": "Universidade Estadual Do Rio Grande Do Sul - Campus Encantado",
    "Setor": "Outros",
    "Contato": "",
    "Site": "https://www.uergs.edu.br/encantado",
    "E-mail de contato": "reitoria@uergs.edu.br",
    "latitude": -29.2393,
    "longitude": -51.8745,
    "coordenadas_status": "conhecida"
  },
  {
    "Cidade": "Encantado",
    "Estado": "RS",
    "Abreviatura da Instituição": "UNIVATES",
    "Nome da Instituição/Tipo": "Universidade Do Vale Do Taquari - Campus Encantado",
    "Setor": "Outros",
    "Contato": "",
    "Site": "https://www.univates.br/",
    "E-mail de contato": "parque@univates.br",
    "latitude": -29.2393,
    "longitude": -51.8745,
    "coordenadas_status": "conhecida"
  },
  {
    "Cidade": "Farroupilha",
    "Estado": "RS",
    "Abreviatura da Instituição": "UCS",
    "Nome da Instituição/Tipo": "Universidade De Caxias Do Sul - Campus Farroupilha",
    "Setor": "Outros",
    "Contato": "",
    "Site": "https://www.ucs.br/site/vestibular/campus-universitario-de-farroupilha/",
    "E-mail de contato": "ucs@ucs.br",
    "latitude": -29.2265,
    "longitude": -51.3468,
    "coordenadas_status": "conhecida"
  },
  {
    "Cidade": "Farroupilha",
    "Estado": "RS",
    "Abreviatura da Instituição": "IFRS",
    "Nome da Instituição/Tipo": "Instituto Federal de Educação. Ciência e Tecnologia - Campus Farroupilha",
    "Setor": "Outros",
    "Contato": "",
    "Site": "https://ifrs.edu.br/farroupilha/",
    "E-mail de contato": "gabinete@ifrs.edu.br",
    "latitude": -29.2265,
    "longitude": -51.3468,
    "coordenadas_status": "conhecida"
  },
  {
    "Cidade": "Santiago",
    "Estado": "RS",
    "Abreviatura da Instituição": "URI",
    "Nome da Instituição/Tipo": "Universidade Regional Integrada Do Alto Uruguai E Das Missões - Campus Santiago",
    "Setor": "Outros",
    "Contato": "",
    "Site": "http://www1.urisantiago.br/",
    "E-mail de contato": "parque.uri@uricampus.br",
    "latitude": -29.5,
    "longitude": -53.0,
    "coordenadas_status": "padrao_rs"
  },
  {
    "Cidade": "Júlio de Castilhos",
    "Estado": "RS",
    "Abreviatura da Instituição": "IFFar",
    "Nome da Instituição/Tipo": "Instituto Federal de Educação. Ciência e Tecnologia Farroupilha - Campus Júlio de Castilhos",
    "Setor": "Outros",
    "Contato": "",
    "Site": "https://www.iffarroupilha.edu.br/julio-de-castilhos",
    "E-mail de contato": "",
    "latitude": -29.2287,
    "longitude": -53.6825,
    "coordenadas_status": "conhecida"
  },
  {
    "Cidade": "Caxias do Sul",
    "Estado": "RS",
    "Abreviatura da Instituição": "CE21",
    "Nome da Instituição/Tipo": "Centro de Excelência em Empreendedorismo e Inovação",
    "Setor": "Outros",
    "Contato": "",
    "Site": "https://www.ce2i.org/",
    "E-mail de contato": "",
    "latitude": -29.1685,
    "longitude": -51.1796,
    "coordenadas_status": "conhecida"
  },
  {
    "Cidade": "Bento Gonçalves",
    "Estado": "RS",
    "Abreviatura da Instituição": "UERGS",
    "Nome da Instituição/Tipo": "Universidade Estadual Do Rio Grande Do Sul - Campus Bento Gonçalves",
    "Setor": "Outros",
    "Contato": "",
    "Site": "https://www.uergs.edu.br/bento-goncalves",
    "E-mail de contato": "reitoria@uergs.edu.br",
    "latitude": -29.1654,
    "longitude": -51.5198,
    "coordenadas_status": "conhecida"
  },
  {
    "Cidade": "Bento Gonçalves",
    "Estado": "RS",
    "Abreviatura da Instituição": "IFRS",
    "Nome da Instituição/Tipo": "Instituto Federal De Educação. Ciência E Tecnologia Do Rio Grande Do Sul",
    "Setor": "Outros",
    "Contato": "",
    "Site": "https://ifrs.edu.br/",
    "E-mail de contato": "gabinete@ifrs.edu.br",
    "latitude": -29.1654,
    "longitude": -51.5198,
    "coordenadas_status": "conhecida"
  },
  {
    "Cidade": "Caxias do Sul",
    "Estado": "RS",
    "Abreviatura da Instituição": "UERGS",
    "Nome da Instituição/Tipo": "Universidade Estadual Do Rio Grande Do Sul - Campus Caxias do Sul",
    "Setor": "Outros",
    "Contato": "",
    "Site": "https://www.uergs.edu.br/caxias-do-sul",
    "E-mail de contato": "reitoria@uergs.edu.br",
    "latitude": -29.1685,
    "longitude": -51.1796,
    "coordenadas_status": "conhecida"
  },
  {
    "Cidade": "Bento Gonçalves",
    "Estado": "RS",
    "Abreviatura da Instituição": "EMBRAPA",
    "Nome da Instituição/Tipo": "Embrapa - Uva E Vinho",
    "Setor": "Outros",
    "Contato": "",
    "Site": "https://www.embrapa.br/uva-e-vinho",
    "E-mail de contato": "",
    "latitude": -29.1654,
    "longitude": -51.5198,
    "coordenadas_status": "conhecida"
  },
  {
    "Cidade": "Bento Gonçalves",
    "Estado": "RS",
    "Abreviatura da Instituição": "ISI",
    "Nome da Instituição/Tipo": "Instituto SENAI de Tecnologia em Madeira e Mobiliário",
    "Setor": "Outros",
    "Contato": "",
    "Site": "https://www.senairs.org.br/institutos/madeira-e-mobiliario",
    "E-mail de contato": "",
    "latitude": -29.1654,
    "longitude": -51.5198,
    "coordenadas_status": "conhecida"
  },
  {
    "Cidade": "Bento Gonçalves",
    "Estado": "RS",
    "Abreviatura da Instituição": "IFRS",
    "Nome da Instituição/Tipo": "Instituto Federal de Educação. Ciência e Tecnologia - Campus Bento Gonçalves",
    "Setor": "Outros",
    "Contato": "",
    "Site": "https://ifrs.edu.br/bento/",
    "E-mail de contato": "gabinete@ifrs.edu.br",
    "latitude": -29.1654,
    "longitude": -51.5198,
    "coordenadas_status": "conhecida"
  },
  {
    "Cidade": "Caxias do Sul",
    "Estado": "RS",
    "Abreviatura da Instituição": "UCS",
    "Nome da Instituição/Tipo": "Universidade De Caxias Do Sul",
    "Setor": "Outros",
    "Contato": "",
    "Site": "https://www.ucs.br/site",
    "E-mail de contato": "ucs@ucs.br",
    "latitude": -29.1685,
    "longitude": -51.1796,
    "coordenadas_status": "conhecida"
  },
  {
    "Cidade": "Caxias do Sul",
    "Estado": "RS",
    "Abreviatura da Instituição": "ISI",
    "Nome da Instituição/Tipo": "Instituto SENAI de Tecnologia em Mecatrônica",
    "Setor": "Outros",
    "Contato": "",
    "Site": "https://www.senairs.org.br/unidades/instituto-senai-de-tecnologia-em-mecatronica",
    "E-mail de contato": "",
    "latitude": -29.1685,
    "longitude": -51.1796,
    "coordenadas_status": "conhecida"
  },
  {
    "Cidade": "Itaqui",
    "Estado": "RS",
    "Abreviatura da Instituição": "UNIPAMPA",
    "Nome da Instituição/Tipo": "Fundação Universidade Federal Do Pampa Unipampa Campus Itaqui",
    "Setor": "Outros",
    "Contato": "",
    "Site": "https://unipampa.edu.br/itaqui/",
    "E-mail de contato": "gabinete.reitoria@unipampa.edu.br",
    "latitude": -29.1222,
    "longitude": -56.5551,
    "coordenadas_status": "conhecida"
  },
  {
    "Cidade": "Bento Gonçalves",
    "Estado": "RS",
    "Abreviatura da Instituição": "UCS",
    "Nome da Instituição/Tipo": "Universidade De Caxias Do Sul - Campus Região dos Vinhedos",
    "Setor": "Outros",
    "Contato": "",
    "Site": "https://www.ucs.br/site",
    "E-mail de contato": "ucs@ucs.br",
    "latitude": -29.1654,
    "longitude": -51.5198,
    "coordenadas_status": "conhecida"
  },
  {
    "Cidade": "Caxias do Sul",
    "Estado": "RS",
    "Abreviatura da Instituição": "IFRS",
    "Nome da Instituição/Tipo": "Instituto Federal de Educação. Ciência e Tecnologia - Campus Caxias do Sul",
    "Setor": "Outros",
    "Contato": "",
    "Site": "https://ifrs.edu.br/caxias/",
    "E-mail de contato": "gabinete@ifrs.edu.br",
    "latitude": -29.1685,
    "longitude": -51.1796,
    "coordenadas_status": "conhecida"
  },
  {
    "Cidade": "Guaporé",
    "Estado": "RS",
    "Abreviatura da Instituição": "UCS",
    "Nome da Instituição/Tipo": "Universidade De Caxias Do Sul - Campus Guaporé",
    "Setor": "Outros",
    "Contato": "",
    "Site": "https://www.ucs.br/site/vestibular/campus-universitario-de-guapore/",
    "E-mail de contato": "ucs@ucs.br",
    "latitude": -28.8472,
    "longitude": -51.8908,
    "coordenadas_status": "conhecida"
  },
  {
    "Cidade": "Veranópolis",
    "Estado": "RS",
    "Abreviatura da Instituição": "IFRS",
    "Nome da Instituição/Tipo": "Instituto Federal De Educação. Ciência E Tecnologia Do Rio Grande Do Sul - Campus Veranópolis",
    "Setor": "Outros",
    "Contato": "",
    "Site": "https://ifrs.edu.br/veranopolis/",
    "E-mail de contato": "gabinete@ifrs.edu.br",
    "latitude": -29.5,
    "longitude": -53.0,
    "coordenadas_status": "padrao_rs"
  },
  {
    "Cidade": "Soledade",
    "Estado": "RS",
    "Abreviatura da Instituição": "UERGS",
    "Nome da Instituição/Tipo": "Universidade Estadual Do Rio Grande Do Sul - Campus Soledade",
    "Setor": "Outros",
    "Contato": "",
    "Site": "https://www.uergs.edu.br/botucarai-soledade",
    "E-mail de contato": "reitoria@uergs.edu.br",
    "latitude": -28.8267,
    "longitude": -52.5069,
    "coordenadas_status": "conhecida"
  },
  {
    "Cidade": "Soledade",
    "Estado": "RS",
    "Abreviatura da Instituição": "UPF",
    "Nome da Instituição/Tipo": "Universidade De Passo Fundo - Campus Soledade",
    "Setor": "Outros",
    "Contato": "",
    "Site": "https://www.upf.br/soledade",
    "E-mail de contato": "",
    "latitude": -28.8267,
    "longitude": -52.5069,
    "coordenadas_status": "conhecida"
  },
  {
    "Cidade": "Nova Prata",
    "Estado": "RS",
    "Abreviatura da Instituição": "UCS",
    "Nome da Instituição/Tipo": "Universidade De Caxias Do Sul - Campus Nova Prata",
    "Setor": "Outros",
    "Contato": "",
    "Site": "https://www.ucs.br/site/vestibular/campus-universitario-de-nova-prata/",
    "E-mail de contato": "ucs@ucs.br",
    "latitude": -29.5,
    "longitude": -53.0,
    "coordenadas_status": "padrao_rs"
  },
  {
    "Cidade": "São Borja",
    "Estado": "RS",
    "Abreviatura da Instituição": "IFFar",
    "Nome da Instituição/Tipo": "Instituto Federal de Educação. Ciência e Tecnologia Farroupilha - Campus São Borja",
    "Setor": "Outros",
    "Contato": "",
    "Site": "https://www.iffarroupilha.edu.br/sao-borja",
    "E-mail de contato": "",
    "latitude": -28.6611,
    "longitude": -56.0044,
    "coordenadas_status": "conhecida"
  },
  {
    "Cidade": "Ibirubá",
    "Estado": "RS",
    "Abreviatura da Instituição": "IFRS",
    "Nome da Instituição/Tipo": "Instituto Federal De Educação. Ciência E Tecnologia Do Rio Grande Do Sul - Campus Ibirubá",
    "Setor": "Outros",
    "Contato": "",
    "Site": "https://ifrs.edu.br/ibiruba/",
    "E-mail de contato": "gabinete@ifrs.edu.br",
    "latitude": -28.6302,
    "longitude": -53.0961,
    "coordenadas_status": "conhecida"
  },
  {
    "Cidade": "São Borja",
    "Estado": "RS",
    "Abreviatura da Instituição": "UERGS",
    "Nome da Instituição/Tipo": "Universidade Estadual Do Rio Grande Do Sul - Campus São Borja",
    "Setor": "Outros",
    "Contato": "",
    "Site": "https://www.uergs.edu.br/sao-borja",
    "E-mail de contato": "reitoria@uergs.edu.br",
    "latitude": -28.6611,
    "longitude": -56.0044,
    "coordenadas_status": "conhecida"
  },
  {
    "Cidade": "Cruz Alta",
    "Estado": "RS",
    "Abreviatura da Instituição": "UERGS",
    "Nome da Instituição/Tipo": "Universidade Estadual Do Rio Grande Do Sul - Campus Cruz Alta",
    "Setor": "Outros",
    "Contato": "",
    "Site": "https://www.uergs.edu.br/cruz-alta",
    "E-mail de contato": "reitoria@uergs.edu.br",
    "latitude": -28.6451,
    "longitude": -53.6058,
    "coordenadas_status": "conhecida"
  },
  {
    "Cidade": "Cruz Alta",
    "Estado": "RS",
    "Abreviatura da Instituição": "UNICRUZ",
    "Nome da Instituição/Tipo": "Universidade De Cruz Alta",
    "Setor": "Outros",
    "Contato": "",
    "Site": "https://home.unicruz.edu.br/",
    "E-mail de contato": "",
    "latitude": -28.6451,
    "longitude": -53.6058,
    "coordenadas_status": "conhecida"
  },
  {
    "Cidade": "Casca",
    "Estado": "RS",
    "Abreviatura da Instituição": "UPF",
    "Nome da Instituição/Tipo": "Universidade De Passo Fundo - Campus Casca",
    "Setor": "Outros",
    "Contato": "",
    "Site": "https://www.upf.br/casca",
    "E-mail de contato": "",
    "latitude": -28.5653,
    "longitude": -51.9769,
    "coordenadas_status": "conhecida"
  },
  {
    "Cidade": "Vacaria",
    "Estado": "RS",
    "Abreviatura da Instituição": "UCS",
    "Nome da Instituição/Tipo": "Universidade De Caxias Do Sul - Campus Vacaria",
    "Setor": "Outros",
    "Contato": "",
    "Site": "https://www.ucs.br/site/vestibular/campus-universitario-de-vacaria/",
    "E-mail de contato": "ucs@ucs.br",
    "latitude": -28.5103,
    "longitude": -50.9356,
    "coordenadas_status": "conhecida"
  },
  {
    "Cidade": "São Jerônimo",
    "Estado": "RS",
    "Abreviatura da Instituição": "ULBRA",
    "Nome da Instituição/Tipo": "Universidade Luterana Do Brasil - Campus São Jerônimo",
    "Setor": "Outros",
    "Contato": "",
    "Site": "https://www.ulbra.br/sao-jeronimo",
    "E-mail de contato": "",
    "latitude": -29.5,
    "longitude": -53.0,
    "coordenadas_status": "padrao_rs"
  },
  {
    "Cidade": "Charqueadas",
    "Estado": "RS",
    "Abreviatura da Instituição": "IFSul",
    "Nome da Instituição/Tipo": "Instituto Federal De Educação. Ciência E Tecnologia Sul-Rio-Grandense - Campus Charqueadas",
    "Setor": "Outros",
    "Contato": "",
    "Site": "https://www.charqueadas.ifsul.edu.br/",
    "E-mail de contato": "gabinete.reitoria@ifsul.edu.br",
    "latitude": -29.9549,
    "longitude": -51.625,
    "coordenadas_status": "conhecida"
  },
  {
    "Cidade": "Gravataí",
    "Estado": "RS",
    "Abreviatura da Instituição": "IFSul",
    "Nome da Instituição/Tipo": "Instituto Federal De Educação. Ciência E Tecnologia Sul-Rio-Grandense - Campus Gravataí",
    "Setor": "Outros",
    "Contato": "",
    "Site": "https://www.gravatai.ifsul.edu.br/",
    "E-mail de contato": "gabinete.reitoria@ifsul.edu.br",
    "latitude": -29.9444,
    "longitude": -50.9931,
    "coordenadas_status": "conhecida"
  },
  {
    "Cidade": "Gravataí",
    "Estado": "RS",
    "Abreviatura da Instituição": "ULBRA",
    "Nome da Instituição/Tipo": "Universidade Luterana Do Brasil - Campus Gravataí",
    "Setor": "Outros",
    "Contato": "",
    "Site": "https://www.ulbra.br/",
    "E-mail de contato": "",
    "latitude": -29.9444,
    "longitude": -50.9931,
    "coordenadas_status": "conhecida"
  },
  {
    "Cidade": "Osório",
    "Estado": "RS",
    "Abreviatura da Instituição": "IFRS",
    "Nome da Instituição/Tipo": "Instituto Federal De Educação. Ciência E Tecnologia Do Rio Grande Do Sul - Campus Osório",
    "Setor": "Outros",
    "Contato": "",
    "Site": "https://ifrs.edu.br/osorio/",
    "E-mail de contato": "gabinete@ifrs.edu.br",
    "latitude": -29.5,
    "longitude": -53.0,
    "coordenadas_status": "padrao_rs"
  },
  {
    "Cidade": "Canoas",
    "Estado": "RS",
    "Abreviatura da Instituição": "IFRS",
    "Nome da Instituição/Tipo": "Instituto Federal De Educação. Ciência E Tecnología Do Rio Grande Do Sul - Campus Canoas",
    "Setor": "Outros",
    "Contato": "",
    "Site": "https://ifrs.edu.br/canoas/",
    "E-mail de contato": "gabinete@ifrs.edu.br",
    "latitude": -29.9167,
    "longitude": -51.1833,
    "coordenadas_status": "conhecida"
  },
  {
    "Cidade": "Osório",
    "Estado": "RS",
    "Abreviatura da Instituição": "UERGS",
    "Nome da Instituição/Tipo": "Universidade Estadual Do Rio Grande Do Sul - Campus Litoral Norte",
    "Setor": "Outros",
    "Contato": "",
    "Site": "https://www.uergs.edu.br/litoral-norte-osorio",
    "E-mail de contato": "reitoria@uergs.edu.br",
    "latitude": -29.5,
    "longitude": -53.0,
    "coordenadas_status": "padrao_rs"
  },
  {
    "Cidade": "Canoas",
    "Estado": "RS",
    "Abreviatura da Instituição": "ULBRA",
    "Nome da Instituição/Tipo": "Universidade Luterana Do Brasil",
    "Setor": "Outros",
    "Contato": "",
    "Site": "https://www.ulbra.br/",
    "E-mail de contato": "",
    "latitude": -29.9167,
    "longitude": -51.1833,
    "coordenadas_status": "conhecida"
  },
  {
    "Cidade": "Esteio",
    "Estado": "RS",
    "Abreviatura da Instituição": "ISI",
    "Nome da Instituição/Tipo": "Instituto SENAI de Tecnologia em Petróleo. Gás e Energia",
    "Setor": "Outros",
    "Contato": "",
    "Site": "https://www.senairs.org.br/unidades/instituto-senai-de-tecnologia-em-petroleo-gas-e-energia",
    "E-mail de contato": "",
    "latitude": -29.8512,
    "longitude": -51.1779,
    "coordenadas_status": "conhecida"
  },
  {
    "Cidade": "Uruguaiana",
    "Estado": "RS",
    "Abreviatura da Instituição": "UNIPAMPA",
    "Nome da Instituição/Tipo": "Fundação Universidade Federal Do Pampa - Unipampa - Campus Uruguaiana",
    "Setor": "Outros",
    "Contato": "",
    "Site": "https://unipampa.edu.br/uruguaiana/",
    "E-mail de contato": "gabinete.reitoria@unipampa.edu.br",
    "latitude": -29.7547,
    "longitude": -57.0883,
    "coordenadas_status": "conhecida"
  },
  {
    "Cidade": "Sapucaia do Sul",
    "Estado": "RS",
    "Abreviatura da Instituição": "IFSul",
    "Nome da Instituição/Tipo": "Instituto Federal De Educação. Ciência E Tecnologia Sul-Rio-Grandense - Campus Sapucaia do Sul",
    "Setor": "Outros",
    "Contato": "",
    "Site": "https://www.sapucaia.ifsul.edu.br/",
    "E-mail de contato": "gabinete.reitoria@ifsul.edu.br",
    "latitude": -29.8439,
    "longitude": -51.1456,
    "coordenadas_status": "conhecida"
  },
  {
    "Cidade": "Santo Antônio da Patrulha",
    "Estado": "RS",
    "Abreviatura da Instituição": "FURG",
    "Nome da Instituição/Tipo": "Universidade Federal Do Rio Grande - Campus Santo Antônio da Patrulha",
    "Setor": "Outros",
    "Contato": "",
    "Site": "https://www.furg.br/campus-santo-antonio-patrulha",
    "E-mail de contato": "gabinete.reitoria@furg.br",
    "latitude": -29.5,
    "longitude": -53.0,
    "coordenadas_status": "padrao_rs"
  },
  {
    "Cidade": "Alegrete",
    "Estado": "RS",
    "Abreviatura da Instituição": "UERGS",
    "Nome da Instituição/Tipo": "Universidade Estadual Do Rio Grande Do Sul - Campus Alegrete",
    "Setor": "Outros",
    "Contato": "",
    "Site": "https://www.uergs.edu.br/alegrete",
    "E-mail de contato": "reitoria@uergs.edu.br",
    "latitude": -29.7902,
    "longitude": -55.7949,
    "coordenadas_status": "conhecida"
  },
  {
    "Cidade": "São Leopoldo",
    "Estado": "RS",
    "Abreviatura da Instituição": "UNISINOS",
    "Nome da Instituição/Tipo": "Universidade Do Vale Do Rio Dos Sinos",
    "Setor": "Outros",
    "Contato": "",
    "Site": "https://www.unisinos.br/",
    "E-mail de contato": "",
    "latitude": -29.7603,
    "longitude": -51.1472,
    "coordenadas_status": "conhecida"
  },
  {
    "Cidade": "Alegrete",
    "Estado": "RS",
    "Abreviatura da Instituição": "UNIPAMPA",
    "Nome da Instituição/Tipo": "Fundação Universidade Federal Do Pampa Unipampa - Campus Alegrete",
    "Setor": "Outros",
    "Contato": "",
    "Site": "https://unipampa.edu.br/alegrete/",
    "E-mail de contato": "gabinete.reitoria@unipampa.edu.br",
    "latitude": -29.7902,
    "longitude": -55.7949,
    "coordenadas_status": "conhecida"
  },
  {
    "Cidade": "Alegrete",
    "Estado": "RS",
    "Abreviatura da Instituição": "Fundação Maronna",
    "Nome da Instituição/Tipo": "Fundação Maronna",
    "Setor": "Outros",
    "Contato": "",
    "Site": "https://www.fundacaomaronna.org.br/",
    "E-mail de contato": "",
    "latitude": -29.7902,
    "longitude": -55.7949,
    "coordenadas_status": "conhecida"
  },
  {
    "Cidade": "São Leopoldo",
    "Estado": "RS",
    "Abreviatura da Instituição": "ISI",
    "Nome da Instituição/Tipo": "Instituto SENAI de Inovação em Sistemas de Sensoriamento",
    "Setor": "Outros",
    "Contato": "",
    "Site": "https://www.senairs.org.br/unidades/instituto-senai-de-inovacao-em-sistemas-de-sensoriamento",
    "E-mail de contato": "",
    "latitude": -29.7603,
    "longitude": -51.1472,
    "coordenadas_status": "conhecida"
  },
  {
    "Cidade": "Uruguaiana",
    "Estado": "RS",
    "Abreviatura da Instituição": "IFFar",
    "Nome da Instituição/Tipo": "Instituto Federal de Educação. Ciència e Tecnologia Farroupilha - Campus Avançado Uruguaiana",
    "Setor": "Outros",
    "Contato": "",
    "Site": "https://www.iffarroupilha.edu.br/uruguaiana",
    "E-mail de contato": "",
    "latitude": -29.7547,
    "longitude": -57.0883,
    "coordenadas_status": "conhecida"
  },
  {
    "Cidade": "São Leopoldo",
    "Estado": "RS",
    "Abreviatura da Instituição": "ISI",
    "Nome da Instituição/Tipo": "Instituto SENAI de Inovação em Engenharia de Polímeros",
    "Setor": "Outros",
    "Contato": "",
    "Site": "https://www.senairs.org.br/institutos/engenharia-de-polimeros",
    "E-mail de contato": "",
    "latitude": -29.7603,
    "longitude": -51.1472,
    "coordenadas_status": "conhecida"
  },
  {
    "Cidade": "Alegrete",
    "Estado": "RS",
    "Abreviatura da Instituição": "IFFar",
    "Nome da Instituição/Tipo": "Instituto Federal de Educação. Ciência e Tecnologia Farroupilha - Campus Alegrete",
    "Setor": "Outros",
    "Contato": "",
    "Site": "https://www.iffarroupilha.edu.br/alegrete",
    "E-mail de contato": "",
    "latitude": -29.7902,
    "longitude": -55.7949,
    "coordenadas_status": "conhecida"
  },
  {
    "Cidade": "Santa Maria",
    "Estado": "RS",
    "Abreviatura da Instituição": "UFSM",
    "Nome da Instituição/Tipo": "Universidade Federal De Santa Maria",
    "Setor": "Outros",
    "Contato": "",
    "Site": "https://www.ufsm.br/",
    "E-mail de contato": "gabinete@ufsm.br",
    "latitude": -29.6842,
    "longitude": -53.8069,
    "coordenadas_status": "conhecida"
  },
  {
    "Cidade": "Montenegro",
    "Estado": "RS",
    "Abreviatura da Instituição": "UNISC",
    "Nome da Instituição/Tipo": "Universidade De Santa Cruz Do Sul - Campus Montenegro",
    "Setor": "Outros",
    "Contato": "",
    "Site": "https://www.unisc.br/pt/onde-estamos/montenegro",
    "E-mail de contato": "unisc@unisc.br",
    "latitude": -29.5,
    "longitude": -53.0,
    "coordenadas_status": "padrao_rs"
  },
  {
    "Cidade": "Novo Hamburgo",
    "Estado": "RS",
    "Abreviatura da Instituição": "IFSul",
    "Nome da Instituição/Tipo": "Instituto Federal De Educação. Ciência E Tecnologia Sul-Rio-Grandense - Campus Novo Hamburgo",
    "Setor": "Outros",
    "Contato": "",
    "Site": "http://www.novohamburgo.ifsul.edu.br/",
    "E-mail de contato": "gabinete.reitoria@ifsul.edu.br",
    "latitude": -29.6783,
    "longitude": -51.1306,
    "coordenadas_status": "conhecida"
  },
  {
    "Cidade": "Novo Hamburgo",
    "Estado": "RS",
    "Abreviatura da Instituição": "IBTEC",
    "Nome da Instituição/Tipo": "Instituto Brasileiro De Tecnologia Do Couro. Calçado E Artefatos",
    "Setor": "Outros",
    "Contato": "",
    "Site": "http://www.ibtec.org.br/",
    "E-mail de contato": "",
    "latitude": -29.6783,
    "longitude": -51.1306,
    "coordenadas_status": "conhecida"
  },
  {
    "Cidade": "São Vicente do Sul",
    "Estado": "RS",
    "Abreviatura da Instituição": "IFFar",
    "Nome da Instituição/Tipo": "Instituto Federal de Educação. Ciência e Tecnologia Farroupilha - Campus São Vicente do Sul",
    "Setor": "Outros",
    "Contato": "",
    "Site": "https://www.iffarroupilha.edu.br/sao-vicente-do-sul",
    "E-mail de contato": "",
    "latitude": -29.5,
    "longitude": -53.0,
    "coordenadas_status": "padrao_rs"
  },
  {
    "Cidade": "Santa Cruz do Sul",
    "Estado": "RS",
    "Abreviatura da Instituição": "UNISC",
    "Nome da Instituição/Tipo": "Universidade De Santa Cruz Do Sul",
    "Setor": "Outros",
    "Contato": "",
    "Site": "https://www.unisc.br/pt/",
    "E-mail de contato": "unisc@unisc.br",
    "latitude": -29.7175,
    "longitude": -52.4264,
    "coordenadas_status": "conhecida"
  },
  {
    "Cidade": "Farroupilha",
    "Estado": "RS",
    "Abreviatura da Instituição": "IFFar",
    "Nome da Instituição/Tipo": "Instituto Federal De Educação. Ciência E Tecnologia Farroupilha",
    "Setor": "Outros",
    "Contato": "",
    "Site": "https://www.iffarroupilha.edu.br/",
    "E-mail de contato": "",
    "latitude": -29.2265,
    "longitude": -51.3468,
    "coordenadas_status": "conhecida"
  },
  {
    "Cidade": "Novo Hamburgo",
    "Estado": "RS",
    "Abreviatura da Instituição": "Liberato",
    "Nome da Instituição/Tipo": "Fundação Escola Técnica Liberato Salzano Vieira da Cunha",
    "Setor": "Outros",
    "Contato": "",
    "Site": "https://www.liberato.com.br/",
    "E-mail de contato": "",
    "latitude": -29.6783,
    "longitude": -51.1306,
    "coordenadas_status": "conhecida"
  },
  {
    "Cidade": "Santa Cruz do Sul",
    "Estado": "RS",
    "Abreviatura da Instituição": "UERGS",
    "Nome da Instituição/Tipo": "Universidade Estadual Do Rio Grande Do Sul - Campus Santa Cruz do Sul",
    "Setor": "Outros",
    "Contato": "",
    "Site": "https://www.uergs.edu.br/santa-cruz-do-sul",
    "E-mail de contato": "reitoria@uergs.edu.br",
    "latitude": -29.7175,
    "longitude": -52.4264,
    "coordenadas_status": "conhecida"
  },
  {
    "Cidade": "Capão da Canoa",
    "Estado": "RS",
    "Abreviatura da Instituição": "UNISC",
    "Nome da Instituição/Tipo": "Universidade De Santa Cruz Do Sul - Campus Capão da Canoa",
    "Setor": "Outros",
    "Contato": "",
    "Site": "https://www.unisc.br/pt/onde-estamos/capao-da-canoa",
    "E-mail de contato": "unisc@unisc.br",
    "latitude": -29.7508,
    "longitude": -50.0211,
    "coordenadas_status": "conhecida"
  },
  {
    "Cidade": "Santa Maria",
    "Estado": "RS",
    "Abreviatura da Instituição": "ULBRA",
    "Nome da Instituição/Tipo": "Universidade Luterana Do Brasil - Campus Santa Maria",
    "Setor": "Outros",
    "Contato": "",
    "Site": "https://www.ulbra.br/santa-maria",
    "E-mail de contato": "",
    "latitude": -29.6842,
    "longitude": -53.8069,
    "coordenadas_status": "conhecida"
  },
  {
    "Cidade": "Santa Maria",
    "Estado": "RS",
    "Abreviatura da Instituição": "UFN",
    "Nome da Instituição/Tipo": "Universidade Franciscana",
    "Setor": "Outros",
    "Contato": "",
    "Site": "https://www.ufn.edu.br/",
    "E-mail de contato": "",
    "latitude": -29.6842,
    "longitude": -53.8069,
    "coordenadas_status": "conhecida"
  },
  {
    "Cidade": "Montenegro",
    "Estado": "RS",
    "Abreviatura da Instituição": "UERGS",
    "Nome da Instituição/Tipo": "Universidade Estadual Do Rio Grande Do Sul - Campus Montenegro",
    "Setor": "Outros",
    "Contato": "",
    "Site": "https://www.uergs.edu.br/montenegro",
    "E-mail de contato": "reitoria@uergs.edu.br",
    "latitude": -29.5,
    "longitude": -53.0,
    "coordenadas_status": "padrao_rs"
  },
  {
    "Cidade": "Novo Hamburgo",
    "Estado": "RS",
    "Abreviatura da Instituição": "ISI",
    "Nome da Instituição/Tipo": "Instituto SENAI de Tecnologia em Calçado e Logística Industrial",
    "Setor": "Outros",
    "Contato": "",
    "Site": "https://www.senairs.org.br/unidades/instituto-senai-em-calcado-e-logistica-industrial",
    "E-mail de contato": "",
    "latitude": -29.6783,
    "longitude": -51.1306,
    "coordenadas_status": "conhecida"
  },
  {
    "Cidade": "Novo Hamburgo",
    "Estado": "RS",
    "Abreviatura da Instituição": "FEEVALE",
    "Nome da Instituição/Tipo": "Universidade Feevale",
    "Setor": "Outros",
    "Contato": "",
    "Site": "https://www.feevale.br/",
    "E-mail de contato": "techpark@feevale.br",
    "latitude": -29.6783,
    "longitude": -51.1306,
    "coordenadas_status": "conhecida"
  },
  {
    "Cidade": "Campo Bom",
    "Estado": "RS",
    "Abreviatura da Instituição": "FEEVALE",
    "Nome da Instituição/Tipo": "Universidade Feevale Campus Campo Bom",
    "Setor": "Outros",
    "Contato": "",
    "Site": "https://www.feevale.br/campusiii",
    "E-mail de contato": "techpark@feevale.br",
    "latitude": -29.6784,
    "longitude": -51.0572,
    "coordenadas_status": "conhecida"
  },
  {
    "Cidade": "Rolante",
    "Estado": "RS",
    "Abreviatura da Instituição": "IFRS",
    "Nome da Instituição/Tipo": "Instituto Federal De Educação. Ciência E Tecnologia Do Rio Grande Do Sul - Campus Rolante",
    "Setor": "Outros",
    "Contato": "",
    "Site": "https://ifrs.edu.br/rolante/",
    "E-mail de contato": "gabinete@ifrs.edu.br",
    "latitude": -29.5,
    "longitude": -53.0,
    "coordenadas_status": "padrao_rs"
  },
  {
    "Cidade": "Estância Velha",
    "Estado": "RS",
    "Abreviatura da Instituição": "ISI",
    "Nome da Instituição/Tipo": "Instituto SENAI de Tecnologia em Couro e Meio Ambiente",
    "Setor": "Outros",
    "Contato": "",
    "Site": "https://www.senairs.org.br/unidades/instituto-senai-de-tecnologia-em-couro-e-meio-ambiente",
    "E-mail de contato": "",
    "latitude": -29.653,
    "longitude": -51.172,
    "coordenadas_status": "conhecida"
  },
  {
    "Cidade": "Sapiranga",
    "Estado": "RS",
    "Abreviatura da Instituição": "IFSul",
    "Nome da Instituição/Tipo": "Instituto Federal De Educação. Ciência E Tecnologia Sul-Rio-Grandense - Campus Sapiranga",
    "Setor": "Outros",
    "Contato": "",
    "Site": "https://www.sapiranga.ifsul.edu.br/",
    "E-mail de contato": "gabinete.reitoria@ifsul.edu.br",
    "latitude": -29.5,
    "longitude": -53.0,
    "coordenadas_status": "padrao_rs"
  },
  {
    "Cidade": "Taquara",
    "Estado": "RS",
    "Abreviatura da Instituição": "FACCAT",
    "Nome da Instituição/Tipo": "Faculdades Integradas de Taquara",
    "Setor": "Outros",
    "Contato": "",
    "Site": "https://www.faccat.br/",
    "E-mail de contato": "",
    "latitude": -29.6533,
    "longitude": -50.7806,
    "coordenadas_status": "conhecida"
  },
  {
    "Cidade": "Venâncio Aires",
    "Estado": "RS",
    "Abreviatura da Instituição": "UNISC",
    "Nome da Instituição/Tipo": "Universidade De Santa Cruz Do Sul - Campus Venancio Aires",
    "Setor": "Outros",
    "Contato": "",
    "Site": "https://www.unisc.br/pt/home/find-out-where-unisc-is-located/campus-venancio-aires",
    "E-mail de contato": "unisc@unisc.br",
    "latitude": -29.6058,
    "longitude": -52.1942,
    "coordenadas_status": "conhecida"
  },
  {
    "Cidade": "Venâncio Aires",
    "Estado": "RS",
    "Abreviatura da Instituição": "IFSul",
    "Nome da Instituição/Tipo": "Instituto Federal De Educação. Ciência E Tecnologia Sul-Rio-Grandense - Campus Venâncio Aires",
    "Setor": "Outros",
    "Contato": "",
    "Site": "https://www.venancio.ifsul.edu.br/",
    "E-mail de contato": "gabinete.reitoria@ifsul.edu.br",
    "latitude": -29.6058,
    "longitude": -52.1942,
    "coordenadas_status": "conhecida"
  },
  {
    "Cidade": "Campo Bom/RS",
    "Estado": "RS",
    "Abreviatura da Instituição": "FEEVALE TECHPARK",
    "Nome da Instituição/Tipo": "Parque Tecnológico",
    "Setor": "Tecnologia da Informação e Comunicação (TIC)",
    "Contato": "",
    "Site": "https://feevaletechpark.com.br/",
    "E-mail de contato": "",
    "latitude": -29.6784,
    "longitude": -51.0572,
    "coordenadas_status": "conhecida"
  },
  {
    "Cidade": "Santa Cruz do Sul/RS",
    "Estado": "RS",
    "Abreviatura da Instituição": "GAUTEN",
    "Nome da Instituição/Tipo": "Parque Tecnológico",
    "Setor": "Tecnologia da Informação e Comunicação (TIC)",
    "Contato": "",
    "Site": "https://gauten.com.br/",
    "E-mail de contato": "",
    "latitude": -29.7175,
    "longitude": -52.4264,
    "coordenadas_status": "conhecida"
  },
  {
    "Cidade": "Caxias do Sul/RS",
    "Estado": "RS",
    "Abreviatura da Instituição": "Graphene-UCS",
    "Nome da Instituição/Tipo": "Instituto Embrapii",
    "Setor": "Materiais e Química Avançada",
    "Contato": "",
    "Site": "https://embrapii.org.br/unidades/materiais-polimericos-e-nanomateriais-graphene-ucs/",
    "E-mail de contato": "",
    "latitude": -29.1685,
    "longitude": -51.1796,
    "coordenadas_status": "conhecida"
  },
  {
    "Cidade": "Pelotas/RS",
    "Estado": "RS",
    "Abreviatura da Instituição": "InovaAgro-UFPel",
    "Nome da Instituição/Tipo": "Instituto Embrapii",
    "Setor": "Agricultura. Agroindústria e Alimentos",
    "Contato": "",
    "Site": "https://embrapii.org.br/unidades/tecnologias-para-a-agricultura-inovaagro-ufpel/",
    "E-mail de contato": "",
    "latitude": -31.7654,
    "longitude": -52.3376,
    "coordenadas_status": "conhecida"
  },
  {
    "Cidade": "Santa Maria/RS",
    "Estado": "RS",
    "Abreviatura da Instituição": "INRI-UFSM",
    "Nome da Instituição/Tipo": "Instituto Embrapii",
    "Setor": "Energia e Sustentabilidade",
    "Contato": "",
    "Site": "https://embrapii.org.br/unidades/energia-e-mobilidade-inri-ufsm/",
    "E-mail de contato": "",
    "latitude": -29.6842,
    "longitude": -53.8069,
    "coordenadas_status": "conhecida"
  },
  {
    "Cidade": "Rio Grande/RS",
    "Estado": "RS",
    "Abreviatura da Instituição": "ITEC-FURG",
    "Nome da Instituição/Tipo": "Instituto Embrapii",
    "Setor": "Tecnologia da Informação e Comunicação (TIC)",
    "Contato": "",
    "Site": "https://embrapii.org.br/unidades/sistemas-roboticos-e-automaco-itec-furg/",
    "E-mail de contato": "",
    "latitude": -32.035,
    "longitude": -52.0986,
    "coordenadas_status": "conhecida"
  },
  {
    "Cidade": "Porto Alegre/RS",
    "Estado": "RS",
    "Abreviatura da Instituição": "LAMEF",
    "Nome da Instituição/Tipo": "Instituto Embrapii",
    "Setor": "Construção. Mineração e Cadeias Produtivas",
    "Contato": "",
    "Site": "https://embrapii.org.br/unidades/integridade-estrutural-lamef/",
    "E-mail de contato": "",
    "latitude": -30.0346,
    "longitude": -51.2177,
    "coordenadas_status": "conhecida"
  },
  {
    "Cidade": "Rio Grande/RS",
    "Estado": "RS",
    "Abreviatura da Instituição": "OCEANTEC",
    "Nome da Instituição/Tipo": "Parque Tecnológico",
    "Setor": "Agricultura. Agroindústria e Alimentos",
    "Contato": "",
    "Site": "https://oceantec.furg.br/",
    "E-mail de contato": "",
    "latitude": -32.035,
    "longitude": -52.0986,
    "coordenadas_status": "conhecida"
  },
  {
    "Cidade": "Alegrete/RS",
    "Estado": "RS",
    "Abreviatura da Instituição": "PAMPATEC",
    "Nome da Instituição/Tipo": "Parque Tecnológico",
    "Setor": "Agricultura. Agroindústria e Alimentos",
    "Contato": "",
    "Site": "https://sites.unipampa.edu.br/pampatec/",
    "E-mail de contato": "",
    "latitude": -29.7902,
    "longitude": -55.7949,
    "coordenadas_status": "conhecida"
  },
  {
    "Cidade": "Canoas/RS",
    "Estado": "RS",
    "Abreviatura da Instituição": "PCI - Parque Canoas de Inovação",
    "Nome da Instituição/Tipo": "Parque Tecnológico",
    "Setor": "Tecnologia da Informação e Comunicação (TIC)",
    "Contato": "",
    "Site": "https://www.canoas.rs.gov.br/pci/",
    "E-mail de contato": "",
    "latitude": -29.9167,
    "longitude": -51.1833,
    "coordenadas_status": "conhecida"
  },
  {
    "Cidade": "Pelotas/RS",
    "Estado": "RS",
    "Abreviatura da Instituição": "Pelotas Parque Tecnológico",
    "Nome da Instituição/Tipo": "Parque Tecnológico",
    "Setor": "Biotecnologia e Bioeconomia",
    "Contato": "",
    "Site": "https://pelotasparquetecnologico.com.br/",
    "E-mail de contato": "",
    "latitude": -31.7654,
    "longitude": -52.3376,
    "coordenadas_status": "conhecida"
  },
  {
    "Cidade": "São Leopoldo/RS",
    "Estado": "RS",
    "Abreviatura da Instituição": "Polimeros",
    "Nome da Instituição/Tipo": "Instituto Privado",
    "Setor": "Materiais e Química Avançada",
    "Contato": "",
    "Site": "https://embrapii.org.br/unidades/polimeros-polimeros/",
    "E-mail de contato": "",
    "latitude": -29.7603,
    "longitude": -51.1472,
    "coordenadas_status": "conhecida"
  },
  {
    "Cidade": "Gravatai/RS",
    "Estado": "RS",
    "Abreviatura da Instituição": "PRADOTECH",
    "Nome da Instituição/Tipo": "Parque Tecnológico",
    "Setor": "Tecnologia da Informação e Comunicação (TIC)",
    "Contato": "",
    "Site": "https://www.instagram.com/parquepradotech/",
    "E-mail de contato": "",
    "latitude": -29.5,
    "longitude": -53.0,
    "coordenadas_status": "padrao_rs"
  },
  {
    "Cidade": "Santa Maria/RS",
    "Estado": "RS",
    "Abreviatura da Instituição": "Santa Maria Tecnoparque",
    "Nome da Instituição/Tipo": "Parque Tecnológico",
    "Setor": "Agricultura. Agroindústria e Alimentos",
    "Contato": "",
    "Site": "https://santamariatecnoparque.com.br/",
    "E-mail de contato": "",
    "latitude": -29.6842,
    "longitude": -53.8069,
    "coordenadas_status": "conhecida"
  },
  {
    "Cidade": "São Leopoldo/RS",
    "Estado": "RS",
    "Abreviatura da Instituição": "SENAI ISI SENSORIAMENTO",
    "Nome da Instituição/Tipo": "Instituto Embrapii",
    "Setor": "Tecnologia da Informação e Comunicação (TIC)",
    "Contato": "",
    "Site": "https://embrapii.org.br/unidades/sistemas-de-sensoriamento-senai-isi-sensoriamento/",
    "E-mail de contato": "",
    "latitude": -29.7603,
    "longitude": -51.1472,
    "coordenadas_status": "conhecida"
  },
  {
    "Cidade": "Porto Alegre/RS",
    "Estado": "RS",
    "Abreviatura da Instituição": "SIMOB-UFRGS",
    "Nome da Instituição/Tipo": "Parque Tecnológico",
    "Setor": "Materiais e Química Avançada",
    "Contato": "",
    "Site": "https://embrapii.org.br/unidades/mobilidade-incluindo-eletro-mobilidade-simob-ufrgs/",
    "E-mail de contato": "",
    "latitude": -30.0346,
    "longitude": -51.2177,
    "coordenadas_status": "conhecida"
  },
  {
    "Cidade": "Porto Alegre/RS",
    "Estado": "RS",
    "Abreviatura da Instituição": "TECNOPUC",
    "Nome da Instituição/Tipo": "Parque Tecnológico",
    "Setor": "Construção. Mineração e Cadeias Produtivas",
    "Contato": "",
    "Site": "https://tecnopuc.pucrs.br/",
    "E-mail de contato": "",
    "latitude": -30.0346,
    "longitude": -51.2177,
    "coordenadas_status": "conhecida"
  },
  {
    "Cidade": "São Leopoldo/RS",
    "Estado": "RS",
    "Abreviatura da Instituição": "TECNOSINOS",
    "Nome da Instituição/Tipo": "Parque Tecnológico",
    "Setor": "Construção. Mineração e Cadeias Produtivas",
    "Contato": "",
    "Site": "https://www.tecnosinos.com.br/",
    "E-mail de contato": "",
    "latitude": -29.7603,
    "longitude": -51.1472,
    "coordenadas_status": "conhecida"
  },
  {
    "Cidade": "Caxias do Sul/RS",
    "Estado": "RS",
    "Abreviatura da Instituição": "TECNOUCS",
    "Nome da Instituição/Tipo": "Parque Tecnológico",
    "Setor": "Saúde e Dispositivos Médicos",
    "Contato": "",
    "Site": "https://www.ucs.br/site/tecnoucs/",
    "E-mail de contato": "",
    "latitude": -29.1685,
    "longitude": -51.1796,
    "coordenadas_status": "conhecida"
  },
  {
    "Cidade": "Santa Cruz do Sul/RS",
    "Estado": "RS",
    "Abreviatura da Instituição": "TECNOUNISC",
    "Nome da Instituição/Tipo": "Parque Tecnológico",
    "Setor": "Agricultura. Agroindústria e Alimentos",
    "Contato": "",
    "Site": "https://www.unisc.br/pt/inovacao-inicio/die-quem-somos-tecno",
    "E-mail de contato": "",
    "latitude": -29.7175,
    "longitude": -52.4264,
    "coordenadas_status": "conhecida"
  },
  {
    "Cidade": "Santo Ângelo/RS",
    "Estado": "RS",
    "Abreviatura da Instituição": "TECNOURI",
    "Nome da Instituição/Tipo": "Parque Tecnológico",
    "Setor": "Agricultura. Agroindústria e Alimentos",
    "Contato": "",
    "Site": "https://san.uri.br/tecnouri/index.php/o-parque/",
    "E-mail de contato": "",
    "latitude": -28.3,
    "longitude": -54.267,
    "coordenadas_status": "conhecida"
  },
  {
    "Cidade": "Lajeado/RS",
    "Estado": "RS",
    "Abreviatura da Instituição": "TECNOVATES",
    "Nome da Instituição/Tipo": "Parque Tecnológico",
    "Setor": "Agricultura. Agroindústria e Alimentos",
    "Contato": "",
    "Site": "https://www.univates.br/tecnovates/",
    "E-mail de contato": "",
    "latitude": -29.4672,
    "longitude": -51.9624,
    "coordenadas_status": "conhecida"
  },
  {
    "Cidade": "Canoas/RS",
    "Estado": "RS",
    "Abreviatura da Instituição": "ULBRATECH",
    "Nome da Instituição/Tipo": "Parque Tecnológico",
    "Setor": "Biotecnologia e Bioeconomia",
    "Contato": "",
    "Site": "https://www.ulbra.br/ulbratech",
    "E-mail de contato": "",
    "latitude": -29.9167,
    "longitude": -51.1833,
    "coordenadas_status": "conhecida"
  },
  {
    "Cidade": "Passo Fundo/RS",
    "Estado": "RS",
    "Abreviatura da Instituição": "UPFParque",
    "Nome da Instituição/Tipo": "Parque Tecnológico",
    "Setor": "Agricultura. Agroindústria e Alimentos",
    "Contato": "",
    "Site": "https://www.upf.br/upfparque",
    "E-mail de contato": "",
    "latitude": -28.2636,
    "longitude": -52.4069,
    "coordenadas_status": "conhecida"
  },
  {
    "Cidade": "Porto Alegre/RS",
    "Estado": "RS",
    "Abreviatura da Instituição": "ZENIT",
    "Nome da Instituição/Tipo": "Parque Tecnológico",
    "Setor": "Agricultura. Agroindústria e Alimentos",
    "Contato": "",
    "Site": "https://www.ufrgs.br/empreendedorismo/empreendedorismo-ufrgs/parque-cientifico-tecnologicor/",
    "E-mail de contato": "",
    "latitude": -30.0346,
    "longitude": -51.2177,
    "coordenadas_status": "conhecida"
  }
]